id,name,model_id:id,group_id:id,perm_read,perm_write,perm_create,perm_unlink
access_zkteco_attendance_user,zkteco.attendance,model_zkteco_attendance,base.group_user,1,0,0,0
access_zkteco_attendance_record_user,zkteco.attendance.record,model_zkteco_attendance_record,base.group_user,1,0,0,0
access_zkteco_shift_user,zkteco.shift,model_zkteco_shift,base.group_user,1,0,0,0
access_zkteco_emp_shift_user,zkteco.employee.shift,model_zkteco_employee_shift,base.group_user,1,0,0,0
access_attendance_report_line_user,attendance.report.line,model_attendance_report_line,base.group_user,1,0,0,0
access_zkteco_detailed_attendance_report_user,zkteco.detailed.attendance.report,model_zkteco_detailed_attendance_report,base.group_user,1,0,0,0
access_zkteco_attendance_dashboard_user,zkteco.attendance.dashboard,model_zkteco_attendance_dashboard,base.group_user,1,0,0,0
access_attendance_absence_report_user,attendance.absence.report,model_attendance_absence_report,base.group_user,1,0,0,0
access_zkteco_work_policy_user,zkteco.work.policy,model_zkteco_work_policy,base.group_user,1,0,0,0

access_zkteco_attendance_manager,zkteco.attendance,model_zkteco_attendance,group_zkteco_manager,1,1,1,1
access_zkteco_attendance_record_manager,zkteco.attendance.record,model_zkteco_attendance_record,group_zkteco_manager,1,1,1,1
access_zkteco_shift_manager,zkteco.shift,model_zkteco_shift,group_zkteco_manager,1,1,1,1
access_zkteco_emp_shift_manager,zkteco.employee.shift,model_zkteco_employee_shift,group_zkteco_manager,1,1,1,1
access_attendance_report_line_manager,attendance.report.line,model_attendance_report_line,group_zkteco_manager,1,1,1,1
access_zkteco_detailed_attendance_report_manager,zkteco.detailed.attendance.report,model_zkteco_detailed_attendance_report,group_zkteco_manager,1,1,1,1
access_zkteco_attendance_dashboard_manager,zkteco.attendance.dashboard,model_zkteco_attendance_dashboard,group_zkteco_manager,1,1,1,1
access_attendance_absence_report_manager,attendance.absence.report,model_attendance_absence_report,group_zkteco_manager,1,1,1,1
access_zkteco_sync_report_user,zkteco.sync.report,model_zkteco_sync_report,base.group_user,1,0,0,0
access_zkteco_sync_report_manager,zkteco.sync.report,model_zkteco_sync_report,group_zkteco_manager,1,1,1,1
access_zkteco_attendance_dashboard_wizard_user,zkteco.attendance.dashboard.wizard,model_zkteco_attendance_dashboard_wizard,base.group_user,1,0,0,0
access_zkteco_attendance_dashboard_wizard_manager,zkteco.attendance.dashboard.wizard,model_zkteco_attendance_dashboard_wizard,group_zkteco_manager,1,1,1,1
access_zkteco_work_policy_manager,zkteco.work.policy,model_zkteco_work_policy,group_zkteco_manager,1,1,1,1


access_zkteco_device_user,zkteco.device,model_zkteco_device,base.group_user,1,0,0,0
access_zkteco_device_admin,zkteco.device,model_zkteco_device,group_zkteco_admin,1,1,1,1
access_zkteco_mapping_admin,zkteco.user.mapping,model_zkteco_user_mapping,group_zkteco_admin,1,1,1,1
access_zkteco_command_queue_admin,zkteco.command.queue,model_zkteco_command_queue,group_zkteco_admin,1,1,1,1
access_zkteco_adms_config_admin,zkteco.adms.config,model_zkteco_adms_config,group_zkteco_admin,1,1,1,1
access_zkteco_quarantine_admin,zkteco.quarantine,model_zkteco_quarantine,group_zkteco_admin,1,1,1,1
access_zkteco_quarantine_link_wizard_admin,zkteco.quarantine.link.wizard,model_zkteco_quarantine_link_wizard,group_zkteco_admin,1,1,1,1
access_zkteco_cloud_config_admin,zkteco.cloud.config,model_zkteco_cloud_config,group_zkteco_admin,1,1,1,1
access_zkteco_historical_sync_admin,zkteco.historical.sync,model_zkteco_historical_sync,group_zkteco_admin,1,1,1,1
access_zkteco_branch_user,zkteco.branch,model_zkteco_branch,base.group_user,1,0,0,0
access_zkteco_branch_manager,zkteco.branch,model_zkteco_branch,group_zkteco_manager,1,1,1,1
access_zkteco_branch_admin,zkteco.branch,model_zkteco_branch,group_zkteco_admin,1,1,1,1

access_zkteco_daily_attendance_register_user,zkteco.daily.attendance.register,model_zkteco_daily_attendance_register,base.group_user,1,0,0,0
access_zkteco_daily_attendance_register_mgr,zkteco.daily.attendance.register,model_zkteco_daily_attendance_register,group_zkteco_manager,1,1,1,1
access_zkteco_monthly_attendance_summary_user,zkteco.monthly.attendance.summary,model_zkteco_monthly_attendance_summary,base.group_user,1,0,0,0
access_zkteco_monthly_attendance_summary_mgr,zkteco.monthly.attendance.summary,model_zkteco_monthly_attendance_summary,group_zkteco_manager,1,1,1,1
access_zkteco_employee_timesheet_report_user,zkteco.employee.timesheet.report,model_zkteco_employee_timesheet_report,base.group_user,1,0,0,0
access_zkteco_employee_timesheet_report_mgr,zkteco.employee.timesheet.report,model_zkteco_employee_timesheet_report,group_zkteco_manager,1,1,1,1
access_zkteco_overtime_report_user,zkteco.overtime.report,model_zkteco_overtime_report,base.group_user,1,0,0,0
access_zkteco_overtime_report_mgr,zkteco.overtime.report,model_zkteco_overtime_report,group_zkteco_manager,1,1,1,1
access_zkteco_late_early_report_user,zkteco.late.early.report,model_zkteco_late_early_report,base.group_user,1,0,0,0
access_zkteco_late_early_report_mgr,zkteco.late.early.report,model_zkteco_late_early_report,group_zkteco_manager,1,1,1,1
access_zkteco_missing_punch_report_user,zkteco.missing.punch.report,model_zkteco_missing_punch_report,base.group_user,1,0,0,0
access_zkteco_missing_punch_report_mgr,zkteco.missing.punch.report,model_zkteco_missing_punch_report,group_zkteco_manager,1,1,1,1
access_zkteco_shift_compliance_report_user,zkteco.shift.compliance.report,model_zkteco_shift_compliance_report,base.group_user,1,0,0,0
access_zkteco_shift_compliance_report_mgr,zkteco.shift.compliance.report,model_zkteco_shift_compliance_report,group_zkteco_manager,1,1,1,1
access_zkteco_exception_report_user,zkteco.exception.report,model_zkteco_exception_report,base.group_user,1,0,0,0
access_zkteco_exception_report_mgr,zkteco.exception.report,model_zkteco_exception_report,group_zkteco_manager,1,1,1,1
access_zkteco_dept_attendance_report_user,zkteco.department.attendance.report,model_zkteco_department_attendance_report,base.group_user,1,0,0,0
access_zkteco_dept_attendance_report_mgr,zkteco.department.attendance.report,model_zkteco_department_attendance_report,group_zkteco_manager,1,1,1,1
access_zkteco_payroll_summary_user,zkteco.payroll.attendance.summary,model_zkteco_payroll_attendance_summary,base.group_user,1,0,0,0
access_zkteco_payroll_summary_mgr,zkteco.payroll.attendance.summary,model_zkteco_payroll_attendance_summary,group_zkteco_manager,1,1,1,1
access_zkteco_audit_trail_user,zkteco.attendance.audit.trail,model_zkteco_attendance_audit_trail,base.group_user,1,0,0,0
access_zkteco_audit_trail_mgr,zkteco.attendance.audit.trail,model_zkteco_attendance_audit_trail,group_zkteco_manager,1,1,1,1
access_zkteco_branch_report_user,zkteco.branch.attendance.report,model_zkteco_branch_attendance_report,base.group_user,1,0,0,0
access_zkteco_branch_report_mgr,zkteco.branch.attendance.report,model_zkteco_branch_attendance_report,group_zkteco_manager,1,1,1,1
access_zkteco_manual_present_wizard_admin,zkteco.manual.present.wizard,model_zkteco_manual_present_wizard,group_zkteco_admin,1,1,1,1
access_zkteco_auto_rotate_wizard_manager,zkteco.auto.rotate.wizard,model_zkteco_auto_rotate_wizard,group_zkteco_manager,1,1,1,1
access_zkteco_auto_rotate_wizard_admin,zkteco.auto.rotate.wizard,model_zkteco_auto_rotate_wizard,group_zkteco_admin,1,1,1,1
access_zkteco_monthly_attendance_user,zkteco.monthly.attendance,model_zkteco_monthly_attendance,base.group_user,1,1,1,0
access_zkteco_monthly_attendance_mgr,zkteco.monthly.attendance,model_zkteco_monthly_attendance,group_zkteco_manager,1,1,1,1
